Nama|Pedagang|Waktu Dagang|Yang Dijual|Gambar
Kedai Pasrah|Maryanti|08.00 - 16.00|Beragam Jus|kedai-pasrah.jpg
Bowlah|Indah|08.00 - 16.00|Rice bowl|bowlah.jpg
You & Milk|Alek|09.00 - 16.00|Susu|you-milk.jpg
Ayam Takol|Ardi|07.00 - 15.00|Ayam Takol|ayam-takol.jpg
Lontong Kari|Anip|05.00 - 13.00|Lontong Kari|lontong-kari.jpg
Cimol Cakwe|Irwan|07.00 - 15.00|Cimol & Cakwe|cimol-cakwe.jpg
Buku-buku|Wadino|07.00 - 15.30|Beragam Buku|buku-buku.jpg
Bubur|Haji Ika|06.00 - 12.00|Bubur|bubur.jpg
Ayam Nusantara|Tuti|09.00 - 17.00|Beragam ayam dan telur & Beragam teh dan Minuman Manis|ayam-nusantara.jpg
Juice Mamah Bobby|Mamah Bobby|08.00 - 16.00|Beragam Jus dan Kopi Teh Susu|juice-mamah-bobby.jpg
Jasuke|Dudung|07.00 - 17.00|Jasuke|jasuke.jpg
Nasi Goreng Ganesha|Adah Saadah|08.00 - 17.00|Beragam Nasi Goreng|nasi-goreng-ganesha.jpg
Nasi Ayam Goreng|Ade Laksana|06.00 - 17.00|Beragam Ayam dan Mie|nasi-ayam-goreng.jpg
Mie Ayam Rebus|Ada|09.00 - 13.00|Mie Ayam dan Bakso|mie-ayam-rebus.jpg
Kedai Koboi|Pak Miswa|10.00 - 13.00|Beragam Paket Nasi dan Mie & Beragam teh dan Minuman Manis|kedi-koboi.jpg
Nasi Uduk Teh Ai|Bu Ai|05.15 - 12.00|Nasi Uduk|nasi-uduk-bu-ai.jpg
Bubur dan Lontong Kari|Pak Wakih|05.00 - 10.00|Bubur dan Lontong Kari|bubur-dan-lontong-kari.jpg
Warung Nasi Sunda Sindang Rasa|Bu Aan|08.00 - 18.00|Beragam Paket Nasi Ayam dan Ikan & Beragam Kopi Teh Susu|warung-nasi-sunda-sindang-rasa.jpg
Pondok Salju|Pak Herman|07.00 - habis|Sop buah dan Beragam Jus dan Kopi Teh Susu|pondok-salju.jpg
Uda Uni|Ibu Nisnida|09.00 - 21.00|Beragam Paket Nasi Ayam dan Sup|uda-uni.jpg
Kedai Banyumas 87|Pak Pujianto|24 Jam|Beragam Nasi Goreng & Beragam teh dan Minuman Manis|kedai-banyumas-87.jpg
Warung Mak Zeprot|Yanti|07.30 - 16.00|Dimsum & Kue Balok|warung-mak-zeprot.jpg
Nasi Jepang Pak Mali|Rina|08.00 - 16.00|Beragam Paket Nasi Crispy|nasi-jepang-pak-mali.jpg
Mie Yamin|Maun|08.00 - 16.00|Mie Yamin dan Bakmie Ayam|mie-yamin.jpg
Go Milk|Ria|08.00 - 16.00|Beragam Minuman Susu|go-milk.jpg
RM Padang Pak Datuak|Pak Andrianto|07.00 - 22.00|Beragam Masakan Padang|rm-padang-pak-datuak.jpg
Ayam Bebek Spesial|Bu Titin|08.00 - 23.00|Beragam Paket Nasi Ayam dan Bebek & Beragam teh dan Minuman Manis|ayam-bebek-spesial.jpg
Warung Zayyidan|Pak Ari|08.00 - 21.00|Beragam Nasi goreng dan Capcay|warung-zayyidan.jpg
Black Romantic|Pak Deris|09.00 - 22.00|Beragam Paket Nasi Ayam dan Beragam teh dan Minuman Manis|black-romantic.jpg
Warung Ica|Bu Ela|07.30 - 19.00|Beragam Nasi goreng dan Paket Nasi Ayam &  Beragam teh dan Minuman Manis|warung-ica.jpg
Warung Triya|Bapak Sriyoto|08.30 - 19.00|Beragam Paket Nasi Sapi dan Ayam & Beragam teh dan Minuman Manis|warung-triya.jpg
Cafe Babeh|Ibu Lis|06.00 - 21.00|Beragam Nasi Goreng & Beragam teh dan Kopi Teh Susu|cafe-babeh.jpg
Warung Bapak Apang|Bapak Apang|08.00 - 20.00|Beragam Cemilan ringan & Minuman Kemasan|warung-bapak-apang.jpg
Depot Aqua Zamzam|Pak Asep|06.00 - 16.00|Beragam Air Minum|depot-aqua-zamzam.jpg
Kedai 2R|Ibu Lis|09.00 - 21.00|Beragam Paket Nasi Ayam dan Beragam teh dan Minuman Manis|kedai-2r.jpg
Soto Betawi Pak Tasimun|Pak Tasimun|08.00 - 16.00|Beragam Paket Nasi Betawi dan Beragam teh dan Minuman Manis|nasi-betawi-pak-tasimun.jpg
Bakmi Ganyang|Bu Irna|10.00 - 20.00|Beragam Bakmie|bakmi-ganyang.jpg
Warung Asmad|Bu Irna|10.00 - 20.00|Beragam Soto dan Paket Nasi|warung-asmad.jpg
